{
  "index_patterns": [
    "{{ filebeatIndex }}-6-*"
  ],
  "aliases": {
    "filebeat-{index}": {}
  },
  "mappings": {
    "doc": {
      "_meta": {
        "version": "6"
      },
      "date_detection": false,
      "dynamic_templates": [
        {
          "fields": {
            "mapping": {
              "type": "keyword"
            },
            "match_mapping_type": "string",
            "path_match": "fields.*"
          }
        },
        {
          "docker.container.labels": {
            "mapping": {
              "type": "keyword"
            },
            "match_mapping_type": "string",
            "path_match": "docker.container.labels.*"
          }
        },
        {
          "kibana.log.meta": {
            "mapping": {
              "type": "keyword"
            },
            "match_mapping_type": "string",
            "path_match": "kibana.log.meta.*"
          }
        },
        {
          "strings_as_keyword": {
            "mapping": {
              "ignore_above": 1024,
              "type": "keyword"
            },
            "match_mapping_type": "string"
          }
        }
      ],
      "properties": {
        "@timestamp": {
          "type": "date"
        },
        "beat": {
          "properties": {
            "hostname": {
              "ignore_above": 1024,
              "type": "keyword"
            },
            "name": {
              "ignore_above": 1024,
              "type": "keyword"
            },
            "timezone": {
              "ignore_above": 1024,
              "type": "keyword"
            },
            "version": {
              "ignore_above": 1024,
              "type": "keyword"
            }
          }
        },
        "cloud": {
          "properties": {
            "availability_zone": {
              "path": "meta.cloud.availability_zone",
              "type": "alias"
            },
            "instance": {
              "properties": {
                "id": {
                  "path": "meta.cloud.instance_id",
                  "type": "alias"
                },
                "name": {
                  "path": "meta.cloud.instance_name",
                  "type": "alias"
                }
              }
            },
            "machine": {
              "properties": {
                "type": {
                  "path": "meta.cloud.machine_type",
                  "type": "alias"
                }
              }
            },
            "project": {
              "properties": {
                "id": {
                  "path": "meta.cloud.project_id",
                  "type": "alias"
                }
              }
            },
            "provider": {
              "path": "meta.cloud.provider",
              "type": "alias"
            },
            "region": {
              "path": "meta.cloud.region",
              "type": "alias"
            }
          }
        },
        "container": {
          "properties": {
            "id": {
              "path": "docker.container.id",
              "type": "alias"
            },
            "image": {
              "properties": {
                "name": {
                  "path": "docker.container.image",
                  "type": "alias"
                }
              }
            },
            "name": {
              "path": "docker.container.name",
              "type": "alias"
            }
          }
        },
        "destination": {
          "properties": {
            "bytes": {
              "type": "long"
            },
            "domain": {
              "ignore_above": 1024,
              "type": "keyword"
            },
            "geo": {
              "properties": {
                "city_name": {
                  "ignore_above": 1024,
                  "type": "keyword"
                },
                "continent_name": {
                  "ignore_above": 1024,
                  "type": "keyword"
                },
                "country_iso_code": {
                  "ignore_above": 1024,
                  "type": "keyword"
                },
                "location": {
                  "type": "geo_point"
                },
                "region_iso_code": {
                  "ignore_above": 1024,
                  "type": "keyword"
                },
                "region_name": {
                  "ignore_above": 1024,
                  "type": "keyword"
                }
              }
            },
            "ip": {
              "type": "ip"
            },
            "mac": {
              "ignore_above": 1024,
              "type": "keyword"
            },
            "packets": {
              "type": "long"
            },
            "port": {
              "type": "long"
            }
          }
        },
        "docker": {
          "properties": {
            "container": {
              "properties": {
                "id": {
                  "ignore_above": 1024,
                  "type": "keyword"
                },
                "image": {
                  "ignore_above": 1024,
                  "type": "keyword"
                },
                "labels": {
                  "type": "object"
                },
                "name": {
                  "ignore_above": 1024,
                  "type": "keyword"
                }
              }
            }
          }
        },
        "elasticsearch": {
          "properties": {
            "audit": {
              "properties": {
                "action": {
                  "ignore_above": 1024,
                  "type": "keyword"
                },
                "event_type": {
                  "ignore_above": 1024,
                  "type": "keyword"
                },
                "indices": {
                  "ignore_above": 1024,
                  "type": "keyword"
                },
                "layer": {
                  "ignore_above": 1024,
                  "type": "keyword"
                },
                "origin_address": {
                  "type": "ip"
                },
                "origin_port": {
                  "type": "long"
                },
                "origin_type": {
                  "ignore_above": 1024,
                  "type": "keyword"
                },
                "principal": {
                  "ignore_above": 1024,
                  "type": "keyword"
                },
                "realm": {
                  "ignore_above": 1024,
                  "type": "keyword"
                },
                "request": {
                  "ignore_above": 1024,
                  "type": "keyword"
                },
                "request_body": {
                  "norms": false,
                  "type": "text"
                },
                "request_id": {
                  "ignore_above": 1024,
                  "type": "keyword"
                },
                "request_method": {
                  "ignore_above": 1024,
                  "type": "keyword"
                },
                "roles": {
                  "ignore_above": 1024,
                  "type": "keyword"
                },
                "uri": {
                  "ignore_above": 1024,
                  "type": "keyword"
                },
                "uri_params": {
                  "norms": false,
                  "type": "text"
                },
                "user_realm": {
                  "ignore_above": 1024,
                  "type": "keyword"
                }
              }
            },
            "deprecation": {
              "properties": {}
            },
            "gc": {
              "properties": {
                "heap": {
                  "properties": {
                    "size_kb": {
                      "type": "long"
                    },
                    "used_kb": {
                      "type": "long"
                    }
                  }
                },
                "jvm_runtime_sec": {
                  "type": "float"
                },
                "old_gen": {
                  "properties": {
                    "size_kb": {
                      "type": "long"
                    },
                    "used_kb": {
                      "type": "long"
                    }
                  }
                },
                "phase": {
                  "properties": {
                    "class_unload_time_sec": {
                      "type": "float"
                    },
                    "cpu_time": {
                      "properties": {
                        "real_sec": {
                          "type": "float"
                        },
                        "sys_sec": {
                          "type": "float"
                        },
                        "user_sec": {
                          "type": "float"
                        }
                      }
                    },
                    "duration_sec": {
                      "type": "float"
                    },
                    "name": {
                      "ignore_above": 1024,
                      "type": "keyword"
                    },
                    "parallel_rescan_time_sec": {
                      "type": "float"
                    },
                    "scrub_string_table_time_sec": {
                      "type": "float"
                    },
                    "scrub_symbol_table_time_sec": {
                      "type": "float"
                    },
                    "weak_refs_processing_time_sec": {
                      "type": "float"
                    }
                  }
                },
                "stopping_threads_time_sec": {
                  "type": "float"
                },
                "tags": {
                  "ignore_above": 1024,
                  "type": "keyword"
                },
                "threads_total_stop_time_sec": {
                  "type": "float"
                },
                "young_gen": {
                  "properties": {
                    "size_kb": {
                      "type": "long"
                    },
                    "used_kb": {
                      "type": "long"
                    }
                  }
                }
              }
            },
            "index": {
              "properties": {
                "id": {
                  "ignore_above": 1024,
                  "type": "keyword"
                },
                "name": {
                  "ignore_above": 1024,
                  "type": "keyword"
                }
              }
            },
            "node": {
              "properties": {
                "id": {
                  "ignore_above": 1024,
                  "type": "keyword"
                },
                "name": {
                  "ignore_above": 1024,
                  "type": "keyword"
                }
              }
            },
            "server": {
              "properties": {
                "component": {
                  "ignore_above": 1024,
                  "type": "keyword"
                },
                "gc": {
                  "properties": {
                    "collection_duration": {
                      "properties": {
                        "ms": {
                          "type": "float"
                        }
                      }
                    },
                    "observation_duration": {
                      "properties": {
                        "ms": {
                          "type": "float"
                        }
                      }
                    },
                    "overhead_seq": {
                      "type": "long"
                    },
                    "young": {
                      "properties": {
                        "one": {
                          "type": "long"
                        },
                        "two": {
                          "type": "long"
                        }
                      }
                    }
                  }
                }
              }
            },
            "shard": {
              "properties": {
                "id": {
                  "ignore_above": 1024,
                  "type": "keyword"
                }
              }
            },
            "slowlog": {
              "properties": {
                "extra_source": {
                  "norms": false,
                  "type": "text"
                },
                "id": {
                  "ignore_above": 1024,
                  "type": "keyword"
                },
                "logger": {
                  "ignore_above": 1024,
                  "type": "keyword"
                },
                "routing": {
                  "ignore_above": 1024,
                  "type": "keyword"
                },
                "search_type": {
                  "ignore_above": 1024,
                  "type": "keyword"
                },
                "source_query": {
                  "norms": false,
                  "type": "text"
                },
                "stats": {
                  "norms": false,
                  "type": "text"
                },
                "took": {
                  "norms": false,
                  "type": "text"
                },
                "took_millis": {
                  "ignore_above": 1024,
                  "type": "keyword"
                },
                "total_hits": {
                  "ignore_above": 1024,
                  "type": "keyword"
                },
                "total_shards": {
                  "ignore_above": 1024,
                  "type": "keyword"
                },
                "type": {
                  "ignore_above": 1024,
                  "type": "keyword"
                },
                "types": {
                  "ignore_above": 1024,
                  "type": "keyword"
                }
              }
            }
          }
        },
        "error": {
          "properties": {
            "code": {
              "type": "long"
            },
            "message": {
              "norms": false,
              "type": "text"
            },
            "type": {
              "ignore_above": 1024,
              "type": "keyword"
            }
          }
        },
        "event": {
          "properties": {
            "created": {
              "type": "date"
            },
            "dataset": {
              "ignore_above": 1024,
              "type": "keyword"
            },
            "duration": {
              "type": "long"
            },
            "end": {
              "type": "date"
            },
            "module": {
              "path": "fileset.module",
              "type": "alias"
            },
            "outcome": {
              "ignore_above": 1024,
              "type": "keyword"
            },
            "sequence": {
              "type": "long"
            },
            "severity": {
              "type": "long"
            },
            "start": {
              "type": "date"
            },
            "timezone": {
              "path": "beat.timezone",
              "type": "alias"
            },
            "type": {
              "ignore_above": 1024,
              "type": "keyword"
            }
          }
        },
        "fields": {
          "type": "object"
        },
        "file": {
          "properties": {
            "path": {
              "ignore_above": 1024,
              "type": "keyword"
            },
            "size": {
              "type": "long"
            }
          }
        },
        "fileset": {
          "properties": {
            "module": {
              "ignore_above": 1024,
              "type": "keyword"
            },
            "name": {
              "ignore_above": 1024,
              "type": "keyword"
            }
          }
        },
        "host": {
          "properties": {
            "architecture": {
              "ignore_above": 1024,
              "type": "keyword"
            },
            "containerized": {
              "type": "boolean"
            },
            "hostname": {
              "path": "beat.hostname",
              "type": "alias"
            },
            "id": {
              "ignore_above": 1024,
              "type": "keyword"
            },
            "ip": {
              "type": "ip"
            },
            "mac": {
              "ignore_above": 1024,
              "type": "keyword"
            },
            "name": {
              "ignore_above": 1024,
              "type": "keyword"
            },
            "os": {
              "properties": {
                "build": {
                  "ignore_above": 1024,
                  "type": "keyword"
                },
                "family": {
                  "ignore_above": 1024,
                  "type": "keyword"
                },
                "name": {
                  "ignore_above": 1024,
                  "type": "keyword"
                },
                "platform": {
                  "ignore_above": 1024,
                  "type": "keyword"
                },
                "version": {
                  "ignore_above": 1024,
                  "type": "keyword"
                }
              }
            }
          }
        },
        "http": {
          "properties": {
            "request": {
              "properties": {
                "method": {
                  "ignore_above": 1024,
                  "type": "keyword"
                }
              }
            },
            "response": {
              "properties": {
                "body": {
                  "properties": {
                    "bytes": {
                      "type": "long"
                    }
                  }
                },
                "content_length": {
                  "type": "long"
                },
                "elapsed_time": {
                  "type": "long"
                },
                "status_code": {
                  "type": "long"
                }
              }
            }
          }
        },
        "input": {
          "properties": {
            "type": {
              "ignore_above": 1024,
              "type": "keyword"
            }
          }
        },
        "kibana": {
          "properties": {
            "log": {
              "properties": {
                "meta": {
                  "type": "object"
                },
                "state": {
                  "ignore_above": 1024,
                  "type": "keyword"
                },
                "tags": {
                  "ignore_above": 1024,
                  "type": "keyword"
                }
              }
            }
          }
        },
        "log": {
          "properties": {
            "file": {
              "properties": {
                "path": {
                  "ignore_above": 1024,
                  "type": "keyword"
                }
              }
            },
            "flags": {
              "ignore_above": 1024,
              "type": "keyword"
            },
            "level": {
              "ignore_above": 1024,
              "type": "keyword"
            },
            "original": {
              "doc_values": false,
              "ignore_above": 1024,
              "index": false,
              "type": "keyword"
            },
            "source": {
              "properties": {
                "address": {
                  "ignore_above": 1024,
                  "type": "keyword"
                }
              }
            }
          }
        },
        "message": {
          "norms": false,
          "type": "text"
        },
        "meta": {
          "properties": {
            "cloud": {
              "properties": {
                "availability_zone": {
                  "ignore_above": 1024,
                  "type": "keyword"
                },
                "instance_id": {
                  "ignore_above": 1024,
                  "type": "keyword"
                },
                "instance_name": {
                  "ignore_above": 1024,
                  "type": "keyword"
                },
                "machine_type": {
                  "ignore_above": 1024,
                  "type": "keyword"
                },
                "project_id": {
                  "ignore_above": 1024,
                  "type": "keyword"
                },
                "provider": {
                  "ignore_above": 1024,
                  "type": "keyword"
                },
                "region": {
                  "ignore_above": 1024,
                  "type": "keyword"
                }
              }
            }
          }
        },
        "network": {
          "properties": {
            "bytes": {
              "type": "long"
            },
            "packets": {
              "type": "long"
            },
            "protocol": {
              "ignore_above": 1024,
              "type": "keyword"
            },
            "transport": {
              "ignore_above": 1024,
              "type": "keyword"
            },
            "type": {
              "ignore_above": 1024,
              "type": "keyword"
            }
          }
        },
        "offset": {
          "type": "long"
        },
        "process": {
          "properties": {
            "pid": {
              "type": "long"
            },
            "program": {
              "ignore_above": 1024,
              "type": "keyword"
            }
          }
        },
        "prospector": {
          "properties": {
            "type": {
              "ignore_above": 1024,
              "type": "keyword"
            }
          }
        },
        "read_timestamp": {
          "ignore_above": 1024,
          "type": "keyword"
        },
        "service": {
          "properties": {
            "name": {
              "ignore_above": 1024,
              "type": "keyword"
            }
          }
        },
        "source": {
          "ignore_above": 1024,
          "type": "keyword"
        },
        "source_ecs": {
          "properties": {
            "bytes": {
              "type": "long"
            },
            "geo": {
              "properties": {
                "city_name": {
                  "ignore_above": 1024,
                  "type": "keyword"
                },
                "continent_name": {
                  "ignore_above": 1024,
                  "type": "keyword"
                },
                "country_iso_code": {
                  "ignore_above": 1024,
                  "type": "keyword"
                },
                "location": {
                  "type": "geo_point"
                },
                "region_iso_code": {
                  "ignore_above": 1024,
                  "type": "keyword"
                },
                "region_name": {
                  "ignore_above": 1024,
                  "type": "keyword"
                }
              }
            },
            "ip": {
              "type": "ip"
            },
            "mac": {
              "ignore_above": 1024,
              "type": "keyword"
            },
            "packets": {
              "type": "long"
            },
            "port": {
              "type": "long"
            }
          }
        },
        "stream": {
          "ignore_above": 1024,
          "type": "keyword"
        },
        "syslog": {
          "properties": {
            "facility": {
              "type": "long"
            },
            "facility_label": {
              "ignore_above": 1024,
              "type": "keyword"
            },
            "priority": {
              "type": "long"
            },
            "severity_label": {
              "ignore_above": 1024,
              "type": "keyword"
            }
          }
        },
        "tags": {
          "ignore_above": 1024,
          "type": "keyword"
        },
        "url": {
          "properties": {
            "domain": {
              "ignore_above": 1024,
              "type": "keyword"
            },
            "hostname": {
              "ignore_above": 1024,
              "type": "keyword"
            },
            "path": {
              "ignore_above": 1024,
              "type": "keyword"
            }
          }
        },
        "user_agent": {
          "properties": {
            "device": {
              "ignore_above": 1024,
              "type": "keyword"
            },
            "major": {
              "type": "long"
            },
            "minor": {
              "type": "long"
            },
            "name": {
              "ignore_above": 1024,
              "type": "keyword"
            },
            "original": {
              "ignore_above": 1024,
              "type": "keyword"
            },
            "os": {
              "properties": {
                "full_name": {
                  "ignore_above": 1024,
                  "type": "keyword"
                },
                "major": {
                  "type": "long"
                },
                "minor": {
                  "type": "long"
                },
                "name": {
                  "ignore_above": 1024,
                  "type": "keyword"
                },
                "version": {
                  "ignore_above": 1024,
                  "type": "keyword"
                }
              }
            },
            "patch": {
              "ignore_above": 1024,
              "type": "keyword"
            },
            "version": {
              "ignore_above": 1024,
              "type": "keyword"
            }
          }
        }
      }
    }
  },
  "order": 1,
  "settings": {
    "index": {
      "mapping": {
        "total_fields": {
          "limit": 10000
        }
      },
      "number_of_replicas": 1,
      "number_of_routing_shards": 30,
      "number_of_shards": 1,
      "query": {
        "default_field": [
          "source",
          "message",
          "stream",
          "prospector.type",
          "input.type",
          "read_timestamp",
          "fileset.module",
          "fileset.name",
          "event.dataset",
          "syslog.severity_label",
          "syslog.facility_label",
          "process.program",
          "event.outcome",
          "service.name",
          "log.level",
          "log.flags",
          "log.source.address",
          "log.file.path",
          "event.type",
          "http.request.method",
          "source_ecs.mac",
          "source_ecs.geo.continent_name",
          "source_ecs.geo.country_iso_code",
          "source_ecs.geo.region_name",
          "source_ecs.geo.city_name",
          "source_ecs.geo.region_iso_code",
          "destination.domain",
          "destination.mac",
          "destination.geo.continent_name",
          "destination.geo.country_iso_code",
          "destination.geo.region_name",
          "destination.geo.city_name",
          "destination.geo.region_iso_code",
          "user_agent.original",
          "user_agent.device",
          "user_agent.version",
          "user_agent.patch",
          "user_agent.name",
          "user_agent.os.name",
          "user_agent.os.full_name",
          "user_agent.os.version",
          "url.domain",
          "url.hostname",
          "url.path",
          "file.path",
          "network.protocol",
          "network.transport",
          "network.type",
          "beat.name",
          "beat.hostname",
          "beat.timezone",
          "beat.version",
          "tags",
          "error.message",
          "error.type",
          "meta.cloud.provider",
          "meta.cloud.instance_id",
          "meta.cloud.instance_name",
          "meta.cloud.machine_type",
          "meta.cloud.availability_zone",
          "meta.cloud.project_id",
          "meta.cloud.region",
          "docker.container.id",
          "docker.container.image",
          "docker.container.name",
          "host.name",
          "host.id",
          "host.architecture",
          "host.os.platform",
          "host.os.name",
          "host.os.build",
          "host.os.version",
          "host.os.family",
          "host.mac",
          "elasticsearch.node.id",
          "elasticsearch.node.name",
          "elasticsearch.index.name",
          "elasticsearch.index.id",
          "elasticsearch.shard.id",
          "elasticsearch.audit.layer",
          "elasticsearch.audit.event_type",
          "elasticsearch.audit.origin_type",
          "elasticsearch.audit.principal",
          "elasticsearch.audit.realm",
          "elasticsearch.audit.roles",
          "elasticsearch.audit.action",
          "elasticsearch.audit.uri",
          "elasticsearch.audit.uri_params",
          "elasticsearch.audit.indices",
          "elasticsearch.audit.request_id",
          "elasticsearch.audit.request_method",
          "elasticsearch.audit.request",
          "elasticsearch.audit.request_body",
          "elasticsearch.audit.user_realm",
          "elasticsearch.gc.phase.name",
          "elasticsearch.gc.tags",
          "elasticsearch.server.component",
          "elasticsearch.slowlog.logger",
          "elasticsearch.slowlog.took",
          "elasticsearch.slowlog.types",
          "elasticsearch.slowlog.stats",
          "elasticsearch.slowlog.search_type",
          "elasticsearch.slowlog.source_query",
          "elasticsearch.slowlog.extra_source",
          "elasticsearch.slowlog.took_millis",
          "elasticsearch.slowlog.total_hits",
          "elasticsearch.slowlog.total_shards",
          "elasticsearch.slowlog.routing",
          "elasticsearch.slowlog.id",
          "elasticsearch.slowlog.type",
          "kibana.log.tags",
          "kibana.log.state",
          "fields.*"
        ]
      },
      "refresh_interval": "5s"
    }
  }
}
